<?xml version="1.0"?>
<doc>
    <assembly>
        <name>BHIPOTERCARIO.ADMIN.API</name>
    </assembly>
    <members>
        <member name="M:BHIPOTERCARIO.ADMIN.API.Areas.HelpPage.ApiDescriptionExtensions.GetFriendlyId(System.Web.Http.Description.ApiDescription)">
            <summary>
            Generates an URI-friendly ID for the <see cref="T:System.Web.Http.Description.ApiDescription"/>. E.g. "Get-Values-id_name" instead of "GetValues/{id}?name={name}"
            </summary>
            <param name="description">The <see cref="T:System.Web.Http.Description.ApiDescription"/>.</param>
            <returns>The ID as a string.</returns>
        </member>
        <member name="T:BHIPOTERCARIO.ADMIN.API.Areas.HelpPage.HelpPageConfig">
            <summary>
            Use this class to customize the Help Page.
            For example you can set a custom <see cref="T:System.Web.Http.Description.IDocumentationProvider"/> to supply the documentation
            or you can provide the samples for the requests/responses.
            </summary>
        </member>
        <member name="T:BHIPOTERCARIO.ADMIN.API.Areas.HelpPage.Controllers.HelpController">
            <summary>
            The controller that will handle requests for the help page.
            </summary>
        </member>
        <member name="M:BHIPOTERCARIO.ADMIN.API.Areas.HelpPage.HelpPageConfigurationExtensions.SetDocumentationProvider(System.Web.Http.HttpConfiguration,System.Web.Http.Description.IDocumentationProvider)">
            <summary>
            Sets the documentation provider for help page.
            </summary>
            <param name="config">The <see cref="T:System.Web.Http.HttpConfiguration"/>.</param>
            <param name="documentationProvider">The documentation provider.</param>
        </member>
        <member name="M:BHIPOTERCARIO.ADMIN.API.Areas.HelpPage.HelpPageConfigurationExtensions.SetSampleObjects(System.Web.Http.HttpConfiguration,System.Collections.Generic.IDictionary{System.Type,System.Object})">
            <summary>
            Sets the objects that will be used by the formatters to produce sample requests/responses.
            </summary>
            <param name="config">The <see cref="T:System.Web.Http.HttpConfiguration"/>.</param>
            <param name="sampleObjects">The sample objects.</param>
        </member>
        <member name="M:BHIPOTERCARIO.ADMIN.API.Areas.HelpPage.HelpPageConfigurationExtensions.SetSampleRequest(System.Web.Http.HttpConfiguration,System.Object,System.Net.Http.Headers.MediaTypeHeaderValue,System.String,System.String)">
            <summary>
            Sets the sample request directly for the specified media type and action.
            </summary>
            <param name="config">The <see cref="T:System.Web.Http.HttpConfiguration"/>.</param>
            <param name="sample">The sample request.</param>
            <param name="mediaType">The media type.</param>
            <param name="controllerName">Name of the controller.</param>
            <param name="actionName">Name of the action.</param>
        </member>
        <member name="M:BHIPOTERCARIO.ADMIN.API.Areas.HelpPage.HelpPageConfigurationExtensions.SetSampleRequest(System.Web.Http.HttpConfiguration,System.Object,System.Net.Http.Headers.MediaTypeHeaderValue,System.String,System.String,System.String[])">
            <summary>
            Sets the sample request directly for the specified media type and action with parameters.
            </summary>
            <param name="config">The <see cref="T:System.Web.Http.HttpConfiguration"/>.</param>
            <param name="sample">The sample request.</param>
            <param name="mediaType">The media type.</param>
            <param name="controllerName">Name of the controller.</param>
            <param name="actionName">Name of the action.</param>
            <param name="parameterNames">The parameter names.</param>
        </member>
        <member name="M:BHIPOTERCARIO.ADMIN.API.Areas.HelpPage.HelpPageConfigurationExtensions.SetSampleResponse(System.Web.Http.HttpConfiguration,System.Object,System.Net.Http.Headers.MediaTypeHeaderValue,System.String,System.String)">
            <summary>
            Sets the sample request directly for the specified media type of the action.
            </summary>
            <param name="config">The <see cref="T:System.Web.Http.HttpConfiguration"/>.</param>
            <param name="sample">The sample response.</param>
            <param name="mediaType">The media type.</param>
            <param name="controllerName">Name of the controller.</param>
            <param name="actionName">Name of the action.</param>
        </member>
        <member name="M:BHIPOTERCARIO.ADMIN.API.Areas.HelpPage.HelpPageConfigurationExtensions.SetSampleResponse(System.Web.Http.HttpConfiguration,System.Object,System.Net.Http.Headers.MediaTypeHeaderValue,System.String,System.String,System.String[])">
            <summary>
            Sets the sample response directly for the specified media type of the action with specific parameters.
            </summary>
            <param name="config">The <see cref="T:System.Web.Http.HttpConfiguration"/>.</param>
            <param name="sample">The sample response.</param>
            <param name="mediaType">The media type.</param>
            <param name="controllerName">Name of the controller.</param>
            <param name="actionName">Name of the action.</param>
            <param name="parameterNames">The parameter names.</param>
        </member>
        <member name="M:BHIPOTERCARIO.ADMIN.API.Areas.HelpPage.HelpPageConfigurationExtensions.SetSampleForMediaType(System.Web.Http.HttpConfiguration,System.Object,System.Net.Http.Headers.MediaTypeHeaderValue)">
            <summary>
            Sets the sample directly for all actions with the specified media type.
            </summary>
            <param name="config">The <see cref="T:System.Web.Http.HttpConfiguration"/>.</param>
            <param name="sample">The sample.</param>
            <param name="mediaType">The media type.</param>
        </member>
        <member name="M:BHIPOTERCARIO.ADMIN.API.Areas.HelpPage.HelpPageConfigurationExtensions.SetSampleForType(System.Web.Http.HttpConfiguration,System.Object,System.Net.Http.Headers.MediaTypeHeaderValue,System.Type)">
            <summary>
            Sets the sample directly for all actions with the specified type and media type.
            </summary>
            <param name="config">The <see cref="T:System.Web.Http.HttpConfiguration"/>.</param>
            <param name="sample">The sample.</param>
            <param name="mediaType">The media type.</param>
            <param name="type">The parameter type or return type of an action.</param>
        </member>
        <member name="M:BHIPOTERCARIO.ADMIN.API.Areas.HelpPage.HelpPageConfigurationExtensions.SetActualRequestType(System.Web.Http.HttpConfiguration,System.Type,System.String,System.String)">
            <summary>
            Specifies the actual type of <see cref="T:System.Net.Http.ObjectContent`1"/> passed to the <see cref="T:System.Net.Http.HttpRequestMessage"/> in an action.
            The help page will use this information to produce more accurate request samples.
            </summary>
            <param name="config">The <see cref="T:System.Web.Http.HttpConfiguration"/>.</param>
            <param name="type">The type.</param>
            <param name="controllerName">Name of the controller.</param>
            <param name="actionName">Name of the action.</param>
        </member>
        <member name="M:BHIPOTERCARIO.ADMIN.API.Areas.HelpPage.HelpPageConfigurationExtensions.SetActualRequestType(System.Web.Http.HttpConfiguration,System.Type,System.String,System.String,System.String[])">
            <summary>
            Specifies the actual type of <see cref="T:System.Net.Http.ObjectContent`1"/> passed to the <see cref="T:System.Net.Http.HttpRequestMessage"/> in an action.
            The help page will use this information to produce more accurate request samples.
            </summary>
            <param name="config">The <see cref="T:System.Web.Http.HttpConfiguration"/>.</param>
            <param name="type">The type.</param>
            <param name="controllerName">Name of the controller.</param>
            <param name="actionName">Name of the action.</param>
            <param name="parameterNames">The parameter names.</param>
        </member>
        <member name="M:BHIPOTERCARIO.ADMIN.API.Areas.HelpPage.HelpPageConfigurationExtensions.SetActualResponseType(System.Web.Http.HttpConfiguration,System.Type,System.String,System.String)">
            <summary>
            Specifies the actual type of <see cref="T:System.Net.Http.ObjectContent`1"/> returned as part of the <see cref="T:System.Net.Http.HttpRequestMessage"/> in an action.
            The help page will use this information to produce more accurate response samples.
            </summary>
            <param name="config">The <see cref="T:System.Web.Http.HttpConfiguration"/>.</param>
            <param name="type">The type.</param>
            <param name="controllerName">Name of the controller.</param>
            <param name="actionName">Name of the action.</param>
        </member>
        <member name="M:BHIPOTERCARIO.ADMIN.API.Areas.HelpPage.HelpPageConfigurationExtensions.SetActualResponseType(System.Web.Http.HttpConfiguration,System.Type,System.String,System.String,System.String[])">
            <summary>
            Specifies the actual type of <see cref="T:System.Net.Http.ObjectContent`1"/> returned as part of the <see cref="T:System.Net.Http.HttpRequestMessage"/> in an action.
            The help page will use this information to produce more accurate response samples.
            </summary>
            <param name="config">The <see cref="T:System.Web.Http.HttpConfiguration"/>.</param>
            <param name="type">The type.</param>
            <param name="controllerName">Name of the controller.</param>
            <param name="actionName">Name of the action.</param>
            <param name="parameterNames">The parameter names.</param>
        </member>
        <member name="M:BHIPOTERCARIO.ADMIN.API.Areas.HelpPage.HelpPageConfigurationExtensions.GetHelpPageSampleGenerator(System.Web.Http.HttpConfiguration)">
            <summary>
            Gets the help page sample generator.
            </summary>
            <param name="config">The <see cref="T:System.Web.Http.HttpConfiguration"/>.</param>
            <returns>The help page sample generator.</returns>
        </member>
        <member name="M:BHIPOTERCARIO.ADMIN.API.Areas.HelpPage.HelpPageConfigurationExtensions.SetHelpPageSampleGenerator(System.Web.Http.HttpConfiguration,BHIPOTERCARIO.ADMIN.API.Areas.HelpPage.HelpPageSampleGenerator)">
            <summary>
            Sets the help page sample generator.
            </summary>
            <param name="config">The <see cref="T:System.Web.Http.HttpConfiguration"/>.</param>
            <param name="sampleGenerator">The help page sample generator.</param>
        </member>
        <member name="M:BHIPOTERCARIO.ADMIN.API.Areas.HelpPage.HelpPageConfigurationExtensions.GetModelDescriptionGenerator(System.Web.Http.HttpConfiguration)">
            <summary>
            Gets the model description generator.
            </summary>
            <param name="config">The configuration.</param>
            <returns>The <see cref="T:BHIPOTERCARIO.ADMIN.API.Areas.HelpPage.ModelDescriptions.ModelDescriptionGenerator"/></returns>
        </member>
        <member name="M:BHIPOTERCARIO.ADMIN.API.Areas.HelpPage.HelpPageConfigurationExtensions.GetHelpPageApiModel(System.Web.Http.HttpConfiguration,System.String)">
            <summary>
            Gets the model that represents an API displayed on the help page. The model is initialized on the first call and cached for subsequent calls.
            </summary>
            <param name="config">The <see cref="T:System.Web.Http.HttpConfiguration"/>.</param>
            <param name="apiDescriptionId">The <see cref="T:System.Web.Http.Description.ApiDescription"/> ID.</param>
            <returns>
            An <see cref="T:BHIPOTERCARIO.ADMIN.API.Areas.HelpPage.Models.HelpPageApiModel"/>
            </returns>
        </member>
        <member name="T:BHIPOTERCARIO.ADMIN.API.Areas.HelpPage.ModelDescriptions.ModelDescription">
            <summary>
            Describes a type model.
            </summary>
        </member>
        <member name="T:BHIPOTERCARIO.ADMIN.API.Areas.HelpPage.ModelDescriptions.ModelDescriptionGenerator">
            <summary>
            Generates model descriptions for given types.
            </summary>
        </member>
        <member name="T:BHIPOTERCARIO.ADMIN.API.Areas.HelpPage.ModelDescriptions.ModelNameAttribute">
            <summary>
            Use this attribute to change the name of the <see cref="T:BHIPOTERCARIO.ADMIN.API.Areas.HelpPage.ModelDescriptions.ModelDescription"/> generated for a type.
            </summary>
        </member>
        <member name="T:BHIPOTERCARIO.ADMIN.API.Areas.HelpPage.Models.HelpPageApiModel">
            <summary>
            The model that represents an API displayed on the help page.
            </summary>
        </member>
        <member name="M:BHIPOTERCARIO.ADMIN.API.Areas.HelpPage.Models.HelpPageApiModel.#ctor">
            <summary>
            Initializes a new instance of the <see cref="T:BHIPOTERCARIO.ADMIN.API.Areas.HelpPage.Models.HelpPageApiModel"/> class.
            </summary>
        </member>
        <member name="P:BHIPOTERCARIO.ADMIN.API.Areas.HelpPage.Models.HelpPageApiModel.ApiDescription">
            <summary>
            Gets or sets the <see cref="P:BHIPOTERCARIO.ADMIN.API.Areas.HelpPage.Models.HelpPageApiModel.ApiDescription"/> that describes the API.
            </summary>
        </member>
        <member name="P:BHIPOTERCARIO.ADMIN.API.Areas.HelpPage.Models.HelpPageApiModel.UriParameters">
            <summary>
            Gets or sets the <see cref="T:BHIPOTERCARIO.ADMIN.API.Areas.HelpPage.ModelDescriptions.ParameterDescription"/> collection that describes the URI parameters for the API.
            </summary>
        </member>
        <member name="P:BHIPOTERCARIO.ADMIN.API.Areas.HelpPage.Models.HelpPageApiModel.RequestDocumentation">
            <summary>
            Gets or sets the documentation for the request.
            </summary>
        </member>
        <member name="P:BHIPOTERCARIO.ADMIN.API.Areas.HelpPage.Models.HelpPageApiModel.RequestModelDescription">
            <summary>
            Gets or sets the <see cref="T:BHIPOTERCARIO.ADMIN.API.Areas.HelpPage.ModelDescriptions.ModelDescription"/> that describes the request body.
            </summary>
        </member>
        <member name="P:BHIPOTERCARIO.ADMIN.API.Areas.HelpPage.Models.HelpPageApiModel.RequestBodyParameters">
            <summary>
            Gets the request body parameter descriptions.
            </summary>
        </member>
        <member name="P:BHIPOTERCARIO.ADMIN.API.Areas.HelpPage.Models.HelpPageApiModel.ResourceDescription">
            <summary>
            Gets or sets the <see cref="T:BHIPOTERCARIO.ADMIN.API.Areas.HelpPage.ModelDescriptions.ModelDescription"/> that describes the resource.
            </summary>
        </member>
        <member name="P:BHIPOTERCARIO.ADMIN.API.Areas.HelpPage.Models.HelpPageApiModel.ResourceProperties">
            <summary>
            Gets the resource property descriptions.
            </summary>
        </member>
        <member name="P:BHIPOTERCARIO.ADMIN.API.Areas.HelpPage.Models.HelpPageApiModel.SampleRequests">
            <summary>
            Gets the sample requests associated with the API.
            </summary>
        </member>
        <member name="P:BHIPOTERCARIO.ADMIN.API.Areas.HelpPage.Models.HelpPageApiModel.SampleResponses">
            <summary>
            Gets the sample responses associated with the API.
            </summary>
        </member>
        <member name="P:BHIPOTERCARIO.ADMIN.API.Areas.HelpPage.Models.HelpPageApiModel.ErrorMessages">
            <summary>
            Gets the error messages associated with this model.
            </summary>
        </member>
        <member name="T:BHIPOTERCARIO.ADMIN.API.Areas.HelpPage.HelpPageSampleGenerator">
            <summary>
            This class will generate the samples for the help page.
            </summary>
        </member>
        <member name="M:BHIPOTERCARIO.ADMIN.API.Areas.HelpPage.HelpPageSampleGenerator.#ctor">
            <summary>
            Initializes a new instance of the <see cref="T:BHIPOTERCARIO.ADMIN.API.Areas.HelpPage.HelpPageSampleGenerator"/> class.
            </summary>
        </member>
        <member name="P:BHIPOTERCARIO.ADMIN.API.Areas.HelpPage.HelpPageSampleGenerator.ActualHttpMessageTypes">
            <summary>
            Gets CLR types that are used as the content of <see cref="T:System.Net.Http.HttpRequestMessage"/> or <see cref="T:System.Net.Http.HttpResponseMessage"/>.
            </summary>
        </member>
        <member name="P:BHIPOTERCARIO.ADMIN.API.Areas.HelpPage.HelpPageSampleGenerator.ActionSamples">
            <summary>
            Gets the objects that are used directly as samples for certain actions.
            </summary>
        </member>
        <member name="P:BHIPOTERCARIO.ADMIN.API.Areas.HelpPage.HelpPageSampleGenerator.SampleObjects">
            <summary>
            Gets the objects that are serialized as samples by the supported formatters.
            </summary>
        </member>
        <member name="P:BHIPOTERCARIO.ADMIN.API.Areas.HelpPage.HelpPageSampleGenerator.SampleObjectFactories">
            <summary>
            Gets factories for the objects that the supported formatters will serialize as samples. Processed in order,
            stopping when the factory successfully returns a non-<see langref="null"/> object.
            </summary>
            <remarks>
            Collection includes just <see cref="M:BHIPOTERCARIO.ADMIN.API.Areas.HelpPage.ObjectGenerator.GenerateObject(System.Type)"/> initially. Use
            <code>SampleObjectFactories.Insert(0, func)</code> to provide an override and
            <code>SampleObjectFactories.Add(func)</code> to provide a fallback.</remarks>
        </member>
        <member name="M:BHIPOTERCARIO.ADMIN.API.Areas.HelpPage.HelpPageSampleGenerator.GetSampleRequests(System.Web.Http.Description.ApiDescription)">
            <summary>
            Gets the request body samples for a given <see cref="T:System.Web.Http.Description.ApiDescription"/>.
            </summary>
            <param name="api">The <see cref="T:System.Web.Http.Description.ApiDescription"/>.</param>
            <returns>The samples keyed by media type.</returns>
        </member>
        <member name="M:BHIPOTERCARIO.ADMIN.API.Areas.HelpPage.HelpPageSampleGenerator.GetSampleResponses(System.Web.Http.Description.ApiDescription)">
            <summary>
            Gets the response body samples for a given <see cref="T:System.Web.Http.Description.ApiDescription"/>.
            </summary>
            <param name="api">The <see cref="T:System.Web.Http.Description.ApiDescription"/>.</param>
            <returns>The samples keyed by media type.</returns>
        </member>
        <member name="M:BHIPOTERCARIO.ADMIN.API.Areas.HelpPage.HelpPageSampleGenerator.GetSample(System.Web.Http.Description.ApiDescription,BHIPOTERCARIO.ADMIN.API.Areas.HelpPage.SampleDirection)">
            <summary>
            Gets the request or response body samples.
            </summary>
            <param name="api">The <see cref="T:System.Web.Http.Description.ApiDescription"/>.</param>
            <param name="sampleDirection">The value indicating whether the sample is for a request or for a response.</param>
            <returns>The samples keyed by media type.</returns>
        </member>
        <member name="M:BHIPOTERCARIO.ADMIN.API.Areas.HelpPage.HelpPageSampleGenerator.GetActionSample(System.String,System.String,System.Collections.Generic.IEnumerable{System.String},System.Type,System.Net.Http.Formatting.MediaTypeFormatter,System.Net.Http.Headers.MediaTypeHeaderValue,BHIPOTERCARIO.ADMIN.API.Areas.HelpPage.SampleDirection)">
            <summary>
            Search for samples that are provided directly through <see cref="P:BHIPOTERCARIO.ADMIN.API.Areas.HelpPage.HelpPageSampleGenerator.ActionSamples"/>.
            </summary>
            <param name="controllerName">Name of the controller.</param>
            <param name="actionName">Name of the action.</param>
            <param name="parameterNames">The parameter names.</param>
            <param name="type">The CLR type.</param>
            <param name="formatter">The formatter.</param>
            <param name="mediaType">The media type.</param>
            <param name="sampleDirection">The value indicating whether the sample is for a request or for a response.</param>
            <returns>The sample that matches the parameters.</returns>
        </member>
        <member name="M:BHIPOTERCARIO.ADMIN.API.Areas.HelpPage.HelpPageSampleGenerator.GetSampleObject(System.Type)">
            <summary>
            Gets the sample object that will be serialized by the formatters. 
            First, it will look at the <see cref="P:BHIPOTERCARIO.ADMIN.API.Areas.HelpPage.HelpPageSampleGenerator.SampleObjects"/>. If no sample object is found, it will try to create
            one using <see cref="M:BHIPOTERCARIO.ADMIN.API.Areas.HelpPage.HelpPageSampleGenerator.DefaultSampleObjectFactory(BHIPOTERCARIO.ADMIN.API.Areas.HelpPage.HelpPageSampleGenerator,System.Type)"/> (which wraps an <see cref="T:BHIPOTERCARIO.ADMIN.API.Areas.HelpPage.ObjectGenerator"/>) and other
            factories in <see cref="P:BHIPOTERCARIO.ADMIN.API.Areas.HelpPage.HelpPageSampleGenerator.SampleObjectFactories"/>.
            </summary>
            <param name="type">The type.</param>
            <returns>The sample object.</returns>
        </member>
        <member name="M:BHIPOTERCARIO.ADMIN.API.Areas.HelpPage.HelpPageSampleGenerator.ResolveHttpRequestMessageType(System.Web.Http.Description.ApiDescription)">
            <summary>
            Resolves the actual type of <see cref="T:System.Net.Http.ObjectContent`1"/> passed to the <see cref="T:System.Net.Http.HttpRequestMessage"/> in an action.
            </summary>
            <param name="api">The <see cref="T:System.Web.Http.Description.ApiDescription"/>.</param>
            <returns>The type.</returns>
        </member>
        <member name="M:BHIPOTERCARIO.ADMIN.API.Areas.HelpPage.HelpPageSampleGenerator.ResolveType(System.Web.Http.Description.ApiDescription,System.String,System.String,System.Collections.Generic.IEnumerable{System.String},BHIPOTERCARIO.ADMIN.API.Areas.HelpPage.SampleDirection,System.Collections.ObjectModel.Collection{System.Net.Http.Formatting.MediaTypeFormatter}@)">
            <summary>
            Resolves the type of the action parameter or return value when <see cref="T:System.Net.Http.HttpRequestMessage"/> or <see cref="T:System.Net.Http.HttpResponseMessage"/> is used.
            </summary>
            <param name="api">The <see cref="T:System.Web.Http.Description.ApiDescription"/>.</param>
            <param name="controllerName">Name of the controller.</param>
            <param name="actionName">Name of the action.</param>
            <param name="parameterNames">The parameter names.</param>
            <param name="sampleDirection">The value indicating whether the sample is for a request or a response.</param>
            <param name="formatters">The formatters.</param>
        </member>
        <member name="M:BHIPOTERCARIO.ADMIN.API.Areas.HelpPage.HelpPageSampleGenerator.WriteSampleObjectUsingFormatter(System.Net.Http.Formatting.MediaTypeFormatter,System.Object,System.Type,System.Net.Http.Headers.MediaTypeHeaderValue)">
            <summary>
            Writes the sample object using formatter.
            </summary>
            <param name="formatter">The formatter.</param>
            <param name="value">The value.</param>
            <param name="type">The type.</param>
            <param name="mediaType">Type of the media.</param>
            <returns></returns>
        </member>
        <member name="T:BHIPOTERCARIO.ADMIN.API.Areas.HelpPage.HelpPageSampleKey">
            <summary>
            This is used to identify the place where the sample should be applied.
            </summary>
        </member>
        <member name="M:BHIPOTERCARIO.ADMIN.API.Areas.HelpPage.HelpPageSampleKey.#ctor(System.Net.Http.Headers.MediaTypeHeaderValue)">
            <summary>
            Creates a new <see cref="T:BHIPOTERCARIO.ADMIN.API.Areas.HelpPage.HelpPageSampleKey"/> based on media type.
            </summary>
            <param name="mediaType">The media type.</param>
        </member>
        <member name="M:BHIPOTERCARIO.ADMIN.API.Areas.HelpPage.HelpPageSampleKey.#ctor(System.Net.Http.Headers.MediaTypeHeaderValue,System.Type)">
            <summary>
            Creates a new <see cref="T:BHIPOTERCARIO.ADMIN.API.Areas.HelpPage.HelpPageSampleKey"/> based on media type and CLR type.
            </summary>
            <param name="mediaType">The media type.</param>
            <param name="type">The CLR type.</param>
        </member>
        <member name="M:BHIPOTERCARIO.ADMIN.API.Areas.HelpPage.HelpPageSampleKey.#ctor(BHIPOTERCARIO.ADMIN.API.Areas.HelpPage.SampleDirection,System.String,System.String,System.Collections.Generic.IEnumerable{System.String})">
            <summary>
            Creates a new <see cref="T:BHIPOTERCARIO.ADMIN.API.Areas.HelpPage.HelpPageSampleKey"/> based on <see cref="P:BHIPOTERCARIO.ADMIN.API.Areas.HelpPage.HelpPageSampleKey.SampleDirection"/>, controller name, action name and parameter names.
            </summary>
            <param name="sampleDirection">The <see cref="P:BHIPOTERCARIO.ADMIN.API.Areas.HelpPage.HelpPageSampleKey.SampleDirection"/>.</param>
            <param name="controllerName">Name of the controller.</param>
            <param name="actionName">Name of the action.</param>
            <param name="parameterNames">The parameter names.</param>
        </member>
        <member name="M:BHIPOTERCARIO.ADMIN.API.Areas.HelpPage.HelpPageSampleKey.#ctor(System.Net.Http.Headers.MediaTypeHeaderValue,BHIPOTERCARIO.ADMIN.API.Areas.HelpPage.SampleDirection,System.String,System.String,System.Collections.Generic.IEnumerable{System.String})">
            <summary>
            Creates a new <see cref="T:BHIPOTERCARIO.ADMIN.API.Areas.HelpPage.HelpPageSampleKey"/> based on media type, <see cref="P:BHIPOTERCARIO.ADMIN.API.Areas.HelpPage.HelpPageSampleKey.SampleDirection"/>, controller name, action name and parameter names.
            </summary>
            <param name="mediaType">The media type.</param>
            <param name="sampleDirection">The <see cref="P:BHIPOTERCARIO.ADMIN.API.Areas.HelpPage.HelpPageSampleKey.SampleDirection"/>.</param>
            <param name="controllerName">Name of the controller.</param>
            <param name="actionName">Name of the action.</param>
            <param name="parameterNames">The parameter names.</param>
        </member>
        <member name="P:BHIPOTERCARIO.ADMIN.API.Areas.HelpPage.HelpPageSampleKey.ControllerName">
            <summary>
            Gets the name of the controller.
            </summary>
            <value>
            The name of the controller.
            </value>
        </member>
        <member name="P:BHIPOTERCARIO.ADMIN.API.Areas.HelpPage.HelpPageSampleKey.ActionName">
            <summary>
            Gets the name of the action.
            </summary>
            <value>
            The name of the action.
            </value>
        </member>
        <member name="P:BHIPOTERCARIO.ADMIN.API.Areas.HelpPage.HelpPageSampleKey.MediaType">
            <summary>
            Gets the media type.
            </summary>
            <value>
            The media type.
            </value>
        </member>
        <member name="P:BHIPOTERCARIO.ADMIN.API.Areas.HelpPage.HelpPageSampleKey.ParameterNames">
            <summary>
            Gets the parameter names.
            </summary>
        </member>
        <member name="P:BHIPOTERCARIO.ADMIN.API.Areas.HelpPage.HelpPageSampleKey.SampleDirection">
            <summary>
            Gets the <see cref="P:BHIPOTERCARIO.ADMIN.API.Areas.HelpPage.HelpPageSampleKey.SampleDirection"/>.
            </summary>
        </member>
        <member name="T:BHIPOTERCARIO.ADMIN.API.Areas.HelpPage.ImageSample">
            <summary>
            This represents an image sample on the help page. There's a display template named ImageSample associated with this class.
            </summary>
        </member>
        <member name="M:BHIPOTERCARIO.ADMIN.API.Areas.HelpPage.ImageSample.#ctor(System.String)">
            <summary>
            Initializes a new instance of the <see cref="T:BHIPOTERCARIO.ADMIN.API.Areas.HelpPage.ImageSample"/> class.
            </summary>
            <param name="src">The URL of an image.</param>
        </member>
        <member name="T:BHIPOTERCARIO.ADMIN.API.Areas.HelpPage.InvalidSample">
            <summary>
            This represents an invalid sample on the help page. There's a display template named InvalidSample associated with this class.
            </summary>
        </member>
        <member name="T:BHIPOTERCARIO.ADMIN.API.Areas.HelpPage.ObjectGenerator">
            <summary>
            This class will create an object of a given type and populate it with sample data.
            </summary>
        </member>
        <member name="M:BHIPOTERCARIO.ADMIN.API.Areas.HelpPage.ObjectGenerator.GenerateObject(System.Type)">
            <summary>
            Generates an object for a given type. The type needs to be public, have a public default constructor and settable public properties/fields. Currently it supports the following types:
            Simple types: <see cref="T:System.Int32"/>, <see cref="T:System.String"/>, <see cref="T:System.Enum"/>, <see cref="T:System.DateTime"/>, <see cref="T:System.Uri"/>, etc.
            Complex types: POCO types.
            Nullables: <see cref="T:System.Nullable`1"/>.
            Arrays: arrays of simple types or complex types.
            Key value pairs: <see cref="T:System.Collections.Generic.KeyValuePair`2"/>
            Tuples: <see cref="T:System.Tuple`1"/>, <see cref="T:System.Tuple`2"/>, etc
            Dictionaries: <see cref="T:System.Collections.Generic.IDictionary`2"/> or anything deriving from <see cref="T:System.Collections.Generic.IDictionary`2"/>.
            Collections: <see cref="T:System.Collections.Generic.IList`1"/>, <see cref="T:System.Collections.Generic.IEnumerable`1"/>, <see cref="T:System.Collections.Generic.ICollection`1"/>, <see cref="T:System.Collections.IList"/>, <see cref="T:System.Collections.IEnumerable"/>, <see cref="T:System.Collections.ICollection"/> or anything deriving from <see cref="T:System.Collections.Generic.ICollection`1"/> or <see cref="T:System.Collections.IList"/>.
            Queryables: <see cref="T:System.Linq.IQueryable"/>, <see cref="T:System.Linq.IQueryable`1"/>.
            </summary>
            <param name="type">The type.</param>
            <returns>An object of the given type.</returns>
        </member>
        <member name="T:BHIPOTERCARIO.ADMIN.API.Areas.HelpPage.SampleDirection">
            <summary>
            Indicates whether the sample is used for request or response
            </summary>
        </member>
        <member name="T:BHIPOTERCARIO.ADMIN.API.Areas.HelpPage.TextSample">
            <summary>
            This represents a preformatted text sample on the help page. There's a display template named TextSample associated with this class.
            </summary>
        </member>
        <member name="T:BHIPOTERCARIO.ADMIN.API.Areas.HelpPage.XmlDocumentationProvider">
            <summary>
            A custom <see cref="T:System.Web.Http.Description.IDocumentationProvider"/> that reads the API documentation from an XML documentation file.
            </summary>
        </member>
        <member name="M:BHIPOTERCARIO.ADMIN.API.Areas.HelpPage.XmlDocumentationProvider.#ctor(System.String)">
            <summary>
            Initializes a new instance of the <see cref="T:BHIPOTERCARIO.ADMIN.API.Areas.HelpPage.XmlDocumentationProvider"/> class.
            </summary>
            <param name="documentPath">The physical path to XML document.</param>
        </member>
        <member name="T:BHIPOTERCARIO.ADMIN.API.Controllers.AccountController">
            <summary>
             API Login
            </summary> 
        </member>
        <member name="M:BHIPOTERCARIO.ADMIN.API.Controllers.AccountController.login(BHIPOTECARIO.ADMIN.ENTITY.Authentication)">
            <summary>
            Verifica si el usuario esta registrado devuelve los datos de la sesion
            </summary>
            <param name="authentication"></param>
            <returns></returns>
        </member>
        <member name="T:BHIPOTERCARIO.ADMIN.API.Controllers.CountryController">
            <summary>
             API Country
            </summary> 
        </member>
        <member name="M:BHIPOTERCARIO.ADMIN.API.Controllers.CountryController.getCountry">
            <summary>
            Devuelve los 14 Departamentos de El Salvador
            </summary> 
        </member>
        <member name="M:BHIPOTERCARIO.ADMIN.API.Controllers.CountryController.getMarketplaceState">
            <summary>
             Devuelve los departamentos
            </summary> 
        </member>
        <member name="T:BHIPOTERCARIO.ADMIN.API.Controllers.CropController">
            <summary>
             API Crops
            </summary> 
        </member>
        <member name="M:BHIPOTERCARIO.ADMIN.API.Controllers.CropController.getCrops">
            <summary>
            Devuelve la lista de nombre de los Cultivos Permitidos para poderce registrar dentro de la aplicacion.
            </summary> 
        </member>
        <member name="M:BHIPOTERCARIO.ADMIN.API.Controllers.CropController.postCrop(BHIPOTECARIO.ADMIN.ENTITY.Crop)">
            <summary>
            Publicar un nuevo nombre cultivo que se permitira registrar. 
            </summary> 
        </member>
        <member name="M:BHIPOTERCARIO.ADMIN.API.Controllers.CropController.putCrop(BHIPOTECARIO.ADMIN.ENTITY.Crop)">
            <summary>
             Modifica el nombre un cultivo de la lista de cultivos que permite el banco hipotecario.
            </summary> 
        </member>
        <member name="M:BHIPOTERCARIO.ADMIN.API.Controllers.CropController.getDestroy(System.Int64)">
            <summary>
            Eliminar Cultivo de la lista Cultivos permitidos.
            </summary> 
        </member>
        <member name="M:BHIPOTERCARIO.ADMIN.API.Controllers.CropController.getCropsFarmAll">
            <summary>
            Devuelve todos los cultivos de todas las fincas de registradas. 
            </summary> 
        </member>
        <member name="M:BHIPOTERCARIO.ADMIN.API.Controllers.CropController.getCropFarm(System.Int64)">
            <summary>
            Devuelve todos los cultivos de una finca especifica segun el id_farm que se envie.
            </summary> 
        </member>
        <member name="M:BHIPOTERCARIO.ADMIN.API.Controllers.CropController.postCropFarm(BHIPOTECARIO.ADMIN.ENTITY.CropFarmPost)">
            <summary>
             Publicar un nuevo cultivo dentro de una finca.
            </summary> 
        </member>
        <member name="M:BHIPOTERCARIO.ADMIN.API.Controllers.CropController.putCropFarm(BHIPOTECARIO.ADMIN.ENTITY.CropFarmPost)">
            <summary>
             Modificar cultivo existente dentro de una finca.
            </summary> 
        </member>
        <member name="M:BHIPOTERCARIO.ADMIN.API.Controllers.CropController.getDestroyCrop(System.Int64)">
            <summary>
             Eliminar Cultivo existente dentro de una finca en especifica segun el id_registro
            </summary> 
        </member>
        <member name="M:BHIPOTERCARIO.ADMIN.API.Controllers.CropController.getMyCropFarm(System.Int64,System.Int64)">
            <summary>
            Devuelve la lista de todos los cultivos en todas las fincas de un asociado segun el id_rol y id_user.
            </summary> 
        </member>
        <member name="M:BHIPOTERCARIO.ADMIN.API.Controllers.CropController.getMarketplaceCropsFarmAll">
            <summary>
             Devuelve todos los cultivos en el MARKETPLACE
            </summary> 
        </member>
        <member name="M:BHIPOTERCARIO.ADMIN.API.Controllers.CropController.getMarketplaceCropFarm(System.Int64)">
            <summary>
             Devuelve los Cultivos existente dentro de una finca en especifica segun el id_farm
            </summary> 
        </member>
        <member name="M:BHIPOTERCARIO.ADMIN.API.Controllers.CropController.getMarketplaceCrop">
            <summary>
             Devuelve los Cultivos existentes
            </summary> 
        </member>
        <member name="T:BHIPOTERCARIO.ADMIN.API.Controllers.DashBoardController">
            <summary>
             API Dashboard
            </summary> 
        </member>
        <member name="M:BHIPOTERCARIO.ADMIN.API.Controllers.DashBoardController.All(System.Int64)">
            <summary>
            Devuelve la cantidad de colaboradores, plagas, cultivos y tareas tiene una finca segun el id_farm
            </summary> 
        </member>
        <member name="T:BHIPOTERCARIO.ADMIN.API.Controllers.FarmController">
            <summary>
             API Farms
            </summary> 
        </member>
        <member name="M:BHIPOTERCARIO.ADMIN.API.Controllers.FarmController.getFarm">
            <summary>
            Devuelve la lista de todas las fincas registradas ROL ADMINISTRADOR.
            </summary> 
        </member>
        <member name="M:BHIPOTERCARIO.ADMIN.API.Controllers.FarmController.getFarmByOwner(System.Int32)">
            <summary>
            Devuelve la lista de todas las fincas registradas por propietario ROL ADMINISTRADOR.
            </summary> 
        </member>
        <member name="M:BHIPOTERCARIO.ADMIN.API.Controllers.FarmController.getFarm(System.Int64)">
            <summary>
            Devuelve la informacion de una finca en especifico segun el id_farm
            </summary> 
        </member>
        <member name="M:BHIPOTERCARIO.ADMIN.API.Controllers.FarmController.getFarmByRol(System.Int64,System.Int64)">
            <summary>
             Devuelve todas las fincas de un asociado, segun el id_rol y id_user.
            </summary> 
        </member>
        <member name="M:BHIPOTERCARIO.ADMIN.API.Controllers.FarmController.getFarmByRolAll(System.Int64,System.Int64)">
            <summary>
             Devuelve la informacion de todas las finca de un asociado y la cantidad de tareas complentadas, asignadas y vencidas, segun el id_rol y id_user.
            </summary> 
        </member>
        <member name="M:BHIPOTERCARIO.ADMIN.API.Controllers.FarmController.postFarm(BHIPOTECARIO.ADMIN.ENTITY.NewCustomer)">
            <summary>
            Registrar un cliente no existente , se envian datos del cliente y los datos de su finca.
            </summary> 
        </member>
        <member name="M:BHIPOTERCARIO.ADMIN.API.Controllers.FarmController.postFarmExistUser(BHIPOTECARIO.ADMIN.ENTITY.Farm)">
            <summary>
            Ingresar finca de usuario ya registrado.
            </summary> 
        </member>
        <member name="M:BHIPOTERCARIO.ADMIN.API.Controllers.FarmController.putFarm(BHIPOTECARIO.ADMIN.ENTITY.Farm)">
            <summary>
            Modifica la informacion de una finca.
            </summary> 
        </member>
        <member name="M:BHIPOTERCARIO.ADMIN.API.Controllers.FarmController.getDestroy(System.Int64)">
            <summary>
             Elimina finca existente dentro de la base de datos.
            </summary> 
        </member>
        <member name="M:BHIPOTERCARIO.ADMIN.API.Controllers.FarmController.addOtherFarm(BHIPOTECARIO.ADMIN.ENTITY.OtherFarm)">
            <summary>
             Agregar otra finca a un colaborador
            </summary> 
        </member>
        <member name="M:BHIPOTERCARIO.ADMIN.API.Controllers.FarmController.DeleteFarmAssig(System.Int64)">
            <summary>
             Eliminar una finca asignada a colaborador
            </summary> 
        </member>
        <member name="M:BHIPOTERCARIO.ADMIN.API.Controllers.FarmController.myFarmAssig(System.Int64)">
            <summary>
             lista de fincas que se pueden asignar a un colaborador
            </summary> 
        </member>
        <member name="M:BHIPOTERCARIO.ADMIN.API.Controllers.FarmController.farmColaborator(System.Int64)">
            <summary>
             lista de fincas asignadas a un colaborador
            </summary> 
        </member>
        <member name="M:BHIPOTERCARIO.ADMIN.API.Controllers.FarmController.getMarketplaceFarms">
            <summary>
            Devuelve la lista de todas las fincas registradas MARKETPLACE
            </summary> 
            GET
        </member>
        <member name="M:BHIPOTERCARIO.ADMIN.API.Controllers.FarmController.getMarketplaceFarm(System.Int64)">
            <summary>
            Devuelve la informacion de una finca en especifico segun el id_farm en el Marketplace
            </summary> 
            GET
        </member>
        <member name="M:BHIPOTERCARIO.ADMIN.API.Controllers.FarmController.getMarketplaceCoordFarm">
            <summary>
            Devuelve los punteros para el mapa
            </summary> 
            GET
        </member>
        <member name="M:BHIPOTERCARIO.ADMIN.API.Controllers.FarmController.getMarketplaceAnotherFarm(System.Int32)">
            <summary>
            Devuelve las otras fincas del mismo propietario
            </summary> 
            GET
        </member>
        <member name="M:BHIPOTERCARIO.ADMIN.API.Controllers.FarmController.getMarketplaceFarmFilters(System.Int32,System.String)">
            <summary>
            Devuelve los punteros para el mapa
            </summary> 
            GET
        </member>
        <member name="T:BHIPOTERCARIO.ADMIN.API.Controllers.MapController">
            <summary>
             API Maps
            </summary> 
        </member>
        <member name="M:BHIPOTERCARIO.ADMIN.API.Controllers.MapController.getMapCategory">
            <summary>
             Lista de nombres de mapas, que se permiten registrar.
            </summary> 
        </member>
        <member name="M:BHIPOTERCARIO.ADMIN.API.Controllers.MapController.postMapType(BHIPOTECARIO.ADMIN.ENTITY.MapCategory)">
            <summary>
             Publicar nueva nombre de tipo de mapa
            </summary> 
        </member>
        <member name="M:BHIPOTERCARIO.ADMIN.API.Controllers.MapController.putMapCategory(BHIPOTECARIO.ADMIN.ENTITY.MapCategory)">
            <summary>
             Modificar nombre de tipo de mapa.
            </summary> 
        </member>
        <member name="M:BHIPOTERCARIO.ADMIN.API.Controllers.MapController.deleteMapType(System.Int64)">
            <summary>
             Eliminar nombre de tipos de mapas permitidos.
            </summary> 
        </member>
        <member name="M:BHIPOTERCARIO.ADMIN.API.Controllers.MapController.getMaps">
            <summary>
            Lista de Mapas de todas las fincas.
            </summary> 
        </member>
        <member name="M:BHIPOTERCARIO.ADMIN.API.Controllers.MapController.getMap(System.Int64)">
            <summary>
             Lista de Mapas de una finca espefica
            </summary> 
        </member>
        <member name="M:BHIPOTERCARIO.ADMIN.API.Controllers.MapController.postMap(BHIPOTECARIO.ADMIN.ENTITY.Map)">
            <summary>
             Publicar nuevo mapa de una finca.
            </summary> 
        </member>
        <member name="M:BHIPOTERCARIO.ADMIN.API.Controllers.MapController.putMap(BHIPOTECARIO.ADMIN.ENTITY.PutMaps)">
            <summary>
              Modificar informacion de mapa de una finca
            </summary> 
        </member>
        <member name="M:BHIPOTERCARIO.ADMIN.API.Controllers.MapController.getDestroy(System.Int64)">
            <summary>
             Eliminar mapa de una finca.
            </summary> 
        </member>
        <member name="M:BHIPOTERCARIO.ADMIN.API.Controllers.MapController.getMapAllFarm(System.Int64)">
            <summary>
             Lista de nombres de mapas, que se permiten registrar.
            </summary> 
        </member>
        <member name="M:BHIPOTERCARIO.ADMIN.API.Controllers.MapController.SearchDateMap(System.Int64,System.Int64,System.Int64,System.Int64)">
            <summary>
             Lista de el historial de mapas por fecha segun el tipo de mapa que se desee
            </summary> 
        </member>
        <member name="T:BHIPOTERCARIO.ADMIN.API.Controllers.PlagueDiseasesController">
            <summary>
             API PlagueDiseases
            </summary> 
        </member>
        <member name="M:BHIPOTERCARIO.ADMIN.API.Controllers.PlagueDiseasesController.getPlagueDiseases">
            <summary>
             Devuelve la lista de plagas y enfermedades .
            </summary> 
        </member>
        <member name="M:BHIPOTERCARIO.ADMIN.API.Controllers.PlagueDiseasesController.getPlagueDiseases(System.Int64)">
            <summary>
            Devuelve la lista de plagas o enfermedades segund id de la categoria que se envie.
            </summary> 
        </member>
        <member name="M:BHIPOTERCARIO.ADMIN.API.Controllers.PlagueDiseasesController.postPlagueDiseases(BHIPOTECARIO.ADMIN.ENTITY.diasesPlague)">
            <summary>
            Registrar el nombre de un plaga o enfermedad nueva.
            </summary> 
        </member>
        <member name="M:BHIPOTERCARIO.ADMIN.API.Controllers.PlagueDiseasesController.putPlagueDiseases(BHIPOTECARIO.ADMIN.ENTITY.diasesPlague)">
            <summary>
             Modifica nombre de plaga o enfermdad ya registrada.
            </summary> 
        </member>
        <member name="M:BHIPOTERCARIO.ADMIN.API.Controllers.PlagueDiseasesController.getDestroy(System.Int64)">
            <summary>
             Eliminar plaga o enfermedad de la lista de registros permitidos.
            </summary> 
        </member>
        <member name="M:BHIPOTERCARIO.ADMIN.API.Controllers.PlagueDiseasesController.getCategory">
            <summary>
             Lista de categorias para plagas y enfermedades
            </summary> 
        </member>
        <member name="M:BHIPOTERCARIO.ADMIN.API.Controllers.PlagueDiseasesController.postCategory(BHIPOTECARIO.ADMIN.ENTITY.diasesCategory)">
            <summary>
             Publicar nueva categoria para plagas o enfermedades 
            </summary> 
        </member>
        <member name="M:BHIPOTERCARIO.ADMIN.API.Controllers.PlagueDiseasesController.putRol(BHIPOTECARIO.ADMIN.ENTITY.diasesCategory)">
            <summary>
            Modifica informacion de categoria de plagas o enfermedades
            </summary> 
        </member>
        <member name="M:BHIPOTERCARIO.ADMIN.API.Controllers.PlagueDiseasesController.getDestroyCategory(System.Int64)">
            <summary>
            Elimina una categoria existente.
            </summary> 
        </member>
        <member name="M:BHIPOTERCARIO.ADMIN.API.Controllers.PlagueDiseasesController.getDeseasePlaguefarmAll(System.Int64)">
            <summary>
            Devuelve la lista de plagas y enfermedades registradas de una finca , si se envia 0 retorna las plagas de todas las fincas registradas - Rol administrador.
            </summary> 
        </member>
        <member name="M:BHIPOTERCARIO.ADMIN.API.Controllers.PlagueDiseasesController.getDeseasePlaguefarmAll2(System.Int64)">
            <summary>
            Devuelve la lista de plagas y enfermedadees controladas y no controladas
            </summary> 
        </member>
        <member name="M:BHIPOTERCARIO.ADMIN.API.Controllers.PlagueDiseasesController.putCheck(BHIPOTECARIO.ADMIN.ENTITY.diasesPlagueFarm)">
            <summary>
            Reportar una plaga o enfermedad como controlada.
            </summary> 
        </member>
        <member name="M:BHIPOTERCARIO.ADMIN.API.Controllers.PlagueDiseasesController.postFarmPlague(BHIPOTECARIO.ADMIN.ENTITY.diasesPlagueFarmPost)">
            <summary>
            publica nueva plaga o enfermedad dentro de una finca.
            </summary> 
        </member>
        <member name="M:BHIPOTERCARIO.ADMIN.API.Controllers.PlagueDiseasesController.putFarmPlague(BHIPOTECARIO.ADMIN.ENTITY.diasesPlagueFarmPost)">
            <summary>
            Modifica informacion de plaga o enfermedad registrada dentro de una finca
            </summary> 
        </member>
        <member name="M:BHIPOTERCARIO.ADMIN.API.Controllers.PlagueDiseasesController.getDeseasePlagueMyfarmAll(System.Int64,System.Int64)">
            <summary>
            Devuelve la lista de plagas y enfermedades registradas de una finca , si se envia 0 retorna las plagas y enfermedades en las todas las fincas de un asociado , sino devuelve el listado de una finca espeficia segun el id_farm
            </summary> 
        </member>
        <member name="T:BHIPOTERCARIO.ADMIN.API.Controllers.RolController">
            <summary>
             API Roles
            </summary> 
            
        </member>
        <member name="M:BHIPOTERCARIO.ADMIN.API.Controllers.RolController.getRoles">
            <summary>
            Devuelve la lista de roles permitidos, para el registro de usuarios.
            </summary> 
        </member>
        <member name="M:BHIPOTERCARIO.ADMIN.API.Controllers.RolController.getRol(System.Int64)">
            <summary>
            Devuelve la informacion de un rol especifico.
            </summary> 
        </member>
        <member name="M:BHIPOTERCARIO.ADMIN.API.Controllers.RolController.postUser(BHIPOTECARIO.ADMIN.ENTITY.Rol)">
            <summary>
             Publicar nuevo rol.
            </summary> 
        </member>
        <member name="M:BHIPOTERCARIO.ADMIN.API.Controllers.RolController.putRol(BHIPOTECARIO.ADMIN.ENTITY.Rol)">
            <summary>
            Modifica informacion de rol.
            </summary> 
        </member>
        <member name="M:BHIPOTERCARIO.ADMIN.API.Controllers.RolController.getDestroy(System.Int64)">
            <summary>
             Elimina Rol de la base de datos.
            </summary> 
        </member>
        <member name="T:BHIPOTERCARIO.ADMIN.API.Controllers.TaskController">
            <summary>
             API Task
            </summary> 
        </member>
        <member name="M:BHIPOTERCARIO.ADMIN.API.Controllers.TaskController.getTask(System.Int64)">
            <summary>
             Devuelve Lista de Tareas de finca por su ID pero si se envia 0  como parametro retornar todas las tareas de todas las fincas.
            </summary> 
        </member>
        <member name="M:BHIPOTERCARIO.ADMIN.API.Controllers.TaskController.getTaskUser(System.Int64)">
            <summary>
            Retorna todos los usuarios colaboradores que forman parte de una tareas, segun el ID de la tarea que se envie.
            </summary> 
        </member>
        <member name="M:BHIPOTERCARIO.ADMIN.API.Controllers.TaskController.getMyTasks(System.Int64)">
            <summary>
             Retorna todas las tareas asignadas a un colaborador segun el id_user. 
            </summary> 
        </member>
        <member name="M:BHIPOTERCARIO.ADMIN.API.Controllers.TaskController.getMyTasksCalendar(System.Int64)">
            <summary>
             Retorna el Calendario de Tareas de un colaborador segun su id_user.
            </summary> 
        </member>
        <member name="M:BHIPOTERCARIO.ADMIN.API.Controllers.TaskController.postUser(System.Collections.Generic.IEnumerable{BHIPOTECARIO.ADMIN.ENTITY.taskInsert})">
            <summary>
             Creacion de Nueva tarea: se envian los datos de la tarea como el array de los colaboradores que formaran parte de ella.
            </summary> 
        </member>
        <member name="M:BHIPOTERCARIO.ADMIN.API.Controllers.TaskController.putTaskAll(System.Collections.Generic.IEnumerable{BHIPOTECARIO.ADMIN.ENTITY.taskUpdate})">
            <summary>
             Modificacion de tarea se envian los datos de la tarea como el array de los colaboradores que formaran parte de ella o quienes se eliminaran de la tarea.
            </summary> 
        </member>
        <member name="M:BHIPOTERCARIO.ADMIN.API.Controllers.TaskController.putTask(BHIPOTECARIO.ADMIN.ENTITY.task)">
            <summary>
             Modificacion de Titulo y Descripcion de tarea.
            </summary> 
        </member>
        <member name="M:BHIPOTERCARIO.ADMIN.API.Controllers.TaskController.checkTask(System.Int64,System.Int64)">
            <summary>
             Reportar tarea como completada - Se enviar el id_task.
            </summary> 
        </member>
        <member name="M:BHIPOTERCARIO.ADMIN.API.Controllers.TaskController.getDestroy(System.Int64)">
            <summary>
             Eliminar una tarea por completo con los usuarios colaboradores que forman parte de ella. 
            </summary> 
        </member>
        <member name="M:BHIPOTERCARIO.ADMIN.API.Controllers.TaskController.getTaskCompleted(System.Int64)">
            <summary>
             Retorna informacion de tarea completada
            </summary> 
        </member>
        <member name="M:BHIPOTERCARIO.ADMIN.API.Controllers.TaskController.getDestroyTaskUser(System.Int64)">
            <summary>
             Borrar Colaborador de una tarea.
            </summary> 
        </member>
        <member name="M:BHIPOTERCARIO.ADMIN.API.Controllers.TaskController.getTaskFarm(System.Int64,System.Int64)">
            <summary>
             Devuelve la lista de tareas de todas la fincas de un Asociado segun el id_rol y id_user.
            </summary> 
        </member>
        <member name="T:BHIPOTERCARIO.ADMIN.API.Controllers.TechnicalFormController">
            <summary>
             API forms
            </summary> 
        </member>
        <member name="M:BHIPOTERCARIO.ADMIN.API.Controllers.TechnicalFormController.saveTechnicalForm(Newtonsoft.Json.Linq.JObject)">
            <summary>
            Almacena la información del formulario del login
            </summary>
        </member>
        <member name="M:BHIPOTERCARIO.ADMIN.API.Controllers.TechnicalFormController.getSupplies">
            <summary>
            Devuelve los insumos para el mantenimiento de la finca
            </summary> 
        </member>
        <member name="M:BHIPOTERCARIO.ADMIN.API.Controllers.TechnicalFormController.getusersowner">
            <summary>
            Devuelve los usuarios guardados en la base de datos
            </summary> 
        </member>
        <member name="M:BHIPOTERCARIO.ADMIN.API.Controllers.TechnicalFormController.getCostoInsumosRiego(System.String)">
            <summary>
            Devuelve getCostoInsumosRiego
            </summary> 
        </member>
        <member name="M:BHIPOTERCARIO.ADMIN.API.Controllers.TechnicalFormController.getRecomendaciones(System.String)">
            <summary>
            Devuelve getRecomendaciones
            </summary> 
        </member>
        <member name="M:BHIPOTERCARIO.ADMIN.API.Controllers.TechnicalFormController.getInsumosAgricolasMantenimiento(System.String)">
            <summary>
            Devuelve getInsumosAgricolasMantenimiento
            </summary> 
        </member>
        <member name="M:BHIPOTERCARIO.ADMIN.API.Controllers.TechnicalFormController.getSituacionCrediticia(System.String)">
            <summary>
            Devuelve getSituacionCrediticia
            </summary> 
        </member>
        <member name="M:BHIPOTERCARIO.ADMIN.API.Controllers.TechnicalFormController.getIngresos(System.String)">
            <summary>
            Devuelve getIngresos
            </summary> 
        </member>
        <member name="M:BHIPOTERCARIO.ADMIN.API.Controllers.TechnicalFormController.getCostosLaboresPropiedad(System.String)">
            <summary>
            Devuelve getCostosLaboresPropiedad
            </summary> 
        </member>
        <member name="M:BHIPOTERCARIO.ADMIN.API.Controllers.TechnicalFormController.getGeneralidadesNegocio(System.String)">
            <summary>
            Devuelve getGeneralidadesNegocio
            </summary> 
        </member>
        <member name="M:BHIPOTERCARIO.ADMIN.API.Controllers.TechnicalFormController.getDatosGeneralesPropiedad(System.String)">
            <summary>
            Devuelve getDatosGeneralesPropiedad
            </summary> 
        </member>
        <member name="M:BHIPOTERCARIO.ADMIN.API.Controllers.TechnicalFormController.getInformeVisita(System.String)">
            <summary>
            Devuelve getInformeVisita
            </summary> 
        </member>
        <member name="M:BHIPOTERCARIO.ADMIN.API.Controllers.TechnicalFormController.getInsumosAgricolasPropiedad(System.String)">
            <summary>
            Devuelve getInsumosAgricolasPropiedad
            </summary> 
        </member>
        <member name="M:BHIPOTERCARIO.ADMIN.API.Controllers.TechnicalFormController.getCostosLaboresMantenimiento(System.String)">
            <summary>
            Devuelve getCostosLaboresMantenimiento
            </summary> 
        </member>
        <member name="M:BHIPOTERCARIO.ADMIN.API.Controllers.TechnicalFormController.getConclusiones(System.String)">
            <summary>
            Devuelve getConclusiones
            </summary> 
        </member>
        <member name="M:BHIPOTERCARIO.ADMIN.API.Controllers.TechnicalFormController.getCostoManoObra(System.String)">
            <summary>
            Devuelve getCostoManoObra
            </summary> 
        </member>
        <member name="M:BHIPOTERCARIO.ADMIN.API.Controllers.TechnicalFormController.farmDetailReport(BHIPOTECARIO.ADMIN.ENTITY.SearchReport)">
            <summary>
            Devuelve farmDetailReport
            </summary> 
        </member>
        <member name="M:BHIPOTERCARIO.ADMIN.API.Controllers.TechnicalFormController.mapDetailReport(BHIPOTECARIO.ADMIN.ENTITY.SearchReport)">
            <summary>
            Devuelve mapDetailReport
            </summary> 
        </member>
        <member name="M:BHIPOTERCARIO.ADMIN.API.Controllers.TechnicalFormController.cropDetailReport(BHIPOTECARIO.ADMIN.ENTITY.SearchReport)">
            <summary>
            Devuelve cropDetailReport
            </summary> 
        </member>
        <member name="M:BHIPOTERCARIO.ADMIN.API.Controllers.TechnicalFormController.getVisitTechnicalProfileReport(BHIPOTECARIO.ADMIN.ENTITY.SearchReport)">
            <summary>
            Devuelve getVisitTechnicalProfileReport
            </summary> 
        </member>
        <member name="T:BHIPOTERCARIO.ADMIN.API.Controllers.UserController">
            <summary>
             API User
            </summary> 
        </member>
        <member name="M:BHIPOTERCARIO.ADMIN.API.Controllers.UserController.getUsers">
            <summary>
             Devuelve la lista de Usuarios registrados.
            </summary> 
        </member>
        <member name="M:BHIPOTERCARIO.ADMIN.API.Controllers.UserController.getUser(System.Int64)">
            <summary>
             Devuelve la informacion de un usuario en especifico.
            </summary> 
        </member>
        <member name="M:BHIPOTERCARIO.ADMIN.API.Controllers.UserController.postUser(BHIPOTECARIO.ADMIN.ENTITY.User)">
            <summary>
             Ingresar un Nuevo usuario - ROL ADMINISTRADOR
            </summary> 
        </member>
        <member name="M:BHIPOTERCARIO.ADMIN.API.Controllers.UserController.putUsers(BHIPOTECARIO.ADMIN.ENTITY.User)">
            <summary>
             Modificar informacion de usuario registrado.
            </summary> 
        </member>
        <member name="M:BHIPOTERCARIO.ADMIN.API.Controllers.UserController.getDestroy(System.Int64)">
            <summary>
             Eliminar un Usuario de la base de datos.
            </summary> 
        </member>
        <member name="M:BHIPOTERCARIO.ADMIN.API.Controllers.UserController.getUserFarm(System.Int64)">
            <summary>
             Devuelve la lista usuarios que pertenecen a una finca segun el id_farm si se enviar 0 como parametro retorna todos los usuarios de todas las fincas. ROL ADMINISTRADOR
            </summary> 
        </member>
        <member name="M:BHIPOTERCARIO.ADMIN.API.Controllers.UserController.postUserFarm(BHIPOTECARIO.ADMIN.ENTITY.UserFarm)">
            <summary>
             Ingresar un nuevo colaborador a la finca.
            </summary> 
        </member>
        <member name="M:BHIPOTERCARIO.ADMIN.API.Controllers.UserController.putUserFarm(BHIPOTECARIO.ADMIN.ENTITY.UserFarmGet)">
            <summary>
             Modificar informacion de colaborador.
            </summary> 
        </member>
        <member name="M:BHIPOTERCARIO.ADMIN.API.Controllers.UserController.getDestroyUserFarm(System.Int64)">
            <summary>
             Elimina colaborador de una finca - se debe de enviar el id del primary_key
            </summary> 
        </member>
        <member name="M:BHIPOTERCARIO.ADMIN.API.Controllers.UserController.putUserFarmregistry(BHIPOTECARIO.ADMIN.ENTITY.UserLogin)">
            <summary>
             Registro de Colaborador, registrar a colaborador invitado , y crea cuenta para que pueda acceder a la informacion asignada.
            </summary> 
        </member>
        <member name="M:BHIPOTERCARIO.ADMIN.API.Controllers.UserController.getUserMyFarm(System.Int64,System.Int64)">
            <summary>
             Devuelve la lista usuarios que pertenecen a una finca segun el id_farm si se enviar 0 como parametro retorna todos los usuarios de todas las fincas. ROL ASOCIADO
            </summary> 
        </member>
        <member name="M:BHIPOTERCARIO.ADMIN.API.Controllers.UserController.getMarketplaceOwner">
            <summary>
             Obtiene la información de contacto del dueño de la finca 
            </summary> 
        </member>
        <member name="M:BHIPOTERCARIO.ADMIN.API.Controllers.UserController.getMarketplaceOneOwner(System.Int32)">
            <summary>
             Obtiene la información de el dueño de una finca
            </summary> 
        </member>
    </members>
</doc>
